email,passw
kuku1@mail.ru,ajbPwV
kuku2@mail.ru,ajbPwV
kuku3@mail.ru,ajbPwV
kuku4@mail.ru,ajbPwV
kuku5@mail.ru,ajbPwV
kuku6@mail.ru,ajbPwV
kuku7@mail.ru,ajbPwV
kuku8@mail.ru,ajbPwV
kuku9@mail.ru,ajbPwV
kuku10@mail.ru,ajbPwV
kuku11@mail.ru,ajbPwV
kuku12@mail.ru,ajbPwV
kuku13@mail.ru,ajbPwV
kuku14@mail.ru,ajbPwV
kuku15@mail.ru,ajbPwV
kuku16@mail.ru,ajbPwV
kuku17@mail.ru,ajbPwV
kuku18@mail.ru,ajbPwV
kuku19@mail.ru,ajbPwV
kuku20@mail.ru,ajbPwV
kuku21@mail.ru,ajbPwV
kuku22@mail.ru,ajbPwV
kuku23@mail.ru,ajbPwV
kuku24@mail.ru,ajbPwV
kuku25@mail.ru,ajbPwV
kuku26@mail.ru,ajbPwV
kuku27@mail.ru,ajbPwV
kuku28@mail.ru,ajbPwV
kuku29@mail.ru,ajbPwV
kuku30@mail.ru,ajbPwV
